timestamp,CPU_usage,RAM_usage,network_traffic
2024-01-01 00:00:00,50.98017822874168,74.65037504948094,97.36248229232928
2024-01-01 00:01:00,45.12148333005648,38.82005769774285,86.55241350230324
2024-01-01 00:02:00,58.29069436588336,25.49457088270449,56.44256992296125
2024-01-01 00:03:00,47.46041150897669,27.50238613069382,156.9613952804387
2024-01-01 00:04:00,44.96215892315543,50.60377189263768,62.351646251393866
2024-01-01 00:05:00,43.45645018255668,52.47714032975373,112.7624466864379
2024-01-01 00:06:00,36.53010992467599,61.74567697253649,101.32678219352664
2024-01-01 00:07:00,52.0393362547664,81.78873744748493,102.31442901412836
2024-01-01 00:08:00,63.88589399561612,41.5643181569184,111.13793058114224
2024-01-01 00:09:00,59.23163276732664,79.47441917456509,113.22452047667132
2024-01-01 00:10:00,50.96049288732655,77.11392838168342,104.24514948197547
2024-01-01 00:11:00,49.39801983535219,69.78384816864529,152.56088143292996
2024-01-01 00:12:00,45.53430255559495,66.59449280794705,69.3949156756157
2024-01-01 00:13:00,36.431595922934406,50.69668032553877,50.03147472633559
2024-01-01 00:14:00,53.27338792738511,31.75251945865896,61.08606986604019
2024-01-01 00:15:00,46.41571862308536,41.84396573484536,101.7005654041738
2024-01-01 00:16:00,49.840443091708615,25.8223481762197,72.4216008021356
2024-01-01 00:17:00,63.99765894634704,51.81687737005474,64.86386782024154
2024-01-01 00:18:00,49.38564043705097,57.63470825131037,101.2318561098504
2024-01-01 00:19:00,46.41173176766302,48.30300301899403,117.59252714802516
2024-01-01 00:20:00,46.08147099111092,63.283133593869074,96.87780556278904
2024-01-01 00:21:00,52.02859697383325,39.85017010637507,111.49900995273464
2024-01-01 00:22:00,31.861430108991826,37.356464327631066,123.47729362982096
2024-01-01 00:23:00,55.75549068264532,58.16435030328098,90.80623346918738
2024-01-01 00:24:00,40.37255486383422,32.370632444265055,124.5261618522222
2024-01-01 00:25:00,45.50314542797607,47.66897157621282,99.40707176068628
2024-01-01 00:26:00,54.14419580098973,59.624235294313465,83.02821026908566
2024-01-01 00:27:00,49.06225647559487,53.50043449264593,89.55762126766369
2024-01-01 00:28:00,40.95343224428221,48.82052368888543,145.37446446195702
2024-01-01 00:29:00,53.6851068989099,52.48231416777744,84.15095450409383
2024-01-01 00:30:00,59.704104265434914,77.6203162245059,104.34139547396428
2024-01-01 00:31:00,40.99849905431498,47.419655467831234,97.90614397000702
2024-01-01 00:32:00,59.0760437081888,55.82972499174089,114.49866907190255
2024-01-01 00:33:00,46.64857473256514,76.81142057118208,102.91627927616842
2024-01-01 00:34:00,40.17407529321806,65.74168601169708,85.00893849886849
2024-01-01 00:35:00,35.820728040300935,40.25532269530712,104.8563876818326
2024-01-01 00:36:00,61.92190630934279,76.10732745780231,117.4315796997296
2024-01-01 00:37:00,38.61661021374664,59.95544898052437,132.59759680137185
2024-01-01 00:38:00,38.413310851726735,40.41889994156542,118.8932130972364
2024-01-01 00:39:00,46.24566737850199,50.23227241391551,118.7635227089227
2024-01-01 00:40:00,30.189433236252952,75.33078003427667,107.16021209172334
2024-01-01 00:41:00,47.75462615924455,50.43805735362031,48.5291998040152
2024-01-01 00:42:00,59.93258779238846,70.28453788130007,76.8694261243561
2024-01-01 00:43:00,48.01978753601414,57.36636097598037,118.07600339936953
2024-01-01 00:44:00,35.22908248086499,87.39303655972199,88.35289913958037
2024-01-01 00:45:00,47.67742993441912,64.25633612825868,65.7103398550134
2024-01-01 00:46:00,66.69187357412308,26.151140770011047,115.51492473439002
2024-01-01 00:47:00,75.74577475037049,51.51438658912786,99.74632090020287
2024-01-01 00:48:00,57.54888554244572,59.94671171479522,121.58557555424426
2024-01-01 00:49:00,32.58309266011819,62.763318296347045,100.94008355565931
2024-01-01 00:50:00,38.72000140359659,51.52650796845967,121.1466969193972
2024-01-01 00:51:00,31.557891990482545,56.71171092417848,131.17946882061077
2024-01-01 00:52:00,42.25594865510758,46.5127998591547,147.11577038192758
2024-01-01 00:53:00,57.89347469296487,57.34719965120311,109.38475048638531
2024-01-01 00:54:00,51.2403213153053,70.14910030149134,88.16094503093468
2024-01-01 00:55:00,40.72105984994328,86.55540287030867,72.34635269962881
2024-01-01 00:56:00,47.59501582799301,59.917787454438006,117.29174784132422
2024-01-01 00:57:00,45.001538935658,73.78703206166499,103.56622431094056
2024-01-01 00:58:00,63.72665214120323,45.99363197425684,75.94748363031081
2024-01-01 00:59:00,65.51793349134287,70.95127115685379,108.85549510497124
2024-01-01 01:00:00,46.68768001540837,73.65581414394562,51.34801201522763
2024-01-01 01:01:00,22.69749454335047,70.2824300662921,106.89925743877066
2024-01-01 01:02:00,65.14806627878883,69.57558036188655,150.86706895748063
2024-01-01 01:03:00,57.7894186170961,47.44251958385848,122.55638923227325
2024-01-01 01:04:00,54.93788081076035,56.75107072883146,111.24795986231705
2024-01-01 01:05:00,68.86896053063245,48.29354076452239,123.05161711081422
2024-01-01 01:06:00,70.91132062090061,66.307098959073,89.81917708852662
2024-01-01 01:07:00,57.49788112982284,57.09600994401198,79.72211216618092
2024-01-01 01:08:00,41.25295217397483,72.69578593279142,67.81199066489788
2024-01-01 01:09:00,48.09668656276382,73.85149549447566,120.76393922654546
2024-01-01 01:10:00,45.0888114221404,68.14095927896317,109.0979621282824
2024-01-01 01:11:00,57.71100395860513,44.477942750464166,103.12187749267964
2024-01-01 01:12:00,75.94966110420226,67.87956187457077,62.14039978606891
2024-01-01 01:13:00,61.91937322886949,66.18743761426538,116.15230016705952
2024-01-01 01:14:00,43.33555112801288,52.07922624857517,157.12587437089695
2024-01-01 01:16:00,57.37463944375882,74.03103592899882,88.3166671377262
2024-01-01 01:17:00,55.17930783314126,51.286774731183904,101.87314216319376
2024-01-01 01:18:00,66.73196217256883,55.183360373144765,109.32059930128658
2024-01-01 01:19:00,59.65511365859189,45.41332134095613,109.24390604313894
2024-01-01 01:20:00,56.18473944346113,53.87909017577998,91.25474774230608
2024-01-01 01:21:00,46.63577059441484,55.3140042340501,101.27846641768684
2024-01-01 01:22:00,52.74118787023323,47.24831530331425,56.09448493499138
2024-01-01 01:23:00,41.54209586217266,78.20216797679127,81.46706749362365
2024-01-01 01:24:00,47.91056449978532,58.24945395287101,100.27264438354254
2024-01-01 01:25:00,54.56099479429472,74.69181553232767,80.12944389551606
2024-01-01 01:26:00,37.64845472509572,60.55275573024245,131.86050750063566
2024-01-01 01:27:00,60.50387886591721,54.51509373062065,106.33813611451248
2024-01-01 01:28:00,51.58205208661875,58.93614952999995,114.69876422567653
2024-01-01 01:29:00,49.06860053407582,74.146244932588,90.775116504826
2024-01-01 01:30:00,46.24647963315978,59.98707110087133,90.36389505226894
2024-01-01 01:31:00,59.17686241758892,85.16865454458176,91.86675979352265
2024-01-01 01:32:00,78.97482112393392,68.40883734647007,102.99764131948352
2024-01-01 01:33:00,36.6724367183744,68.11582168758575,73.45822053897452
2024-01-01 01:34:00,52.37072315966789,65.9153949176679,60.20153917098165
2024-01-01 01:35:00,54.33266473581581,49.89270237947959,103.33395882970994
2024-01-01 01:36:00,62.96053979370765,57.82981861710159,84.49803191359578
2024-01-01 01:37:00,46.74757616677446,70.79949744291237,102.78034137750572
2024-01-01 01:38:00,56.16926748094647,49.411265340037765,85.52163674716604
2024-01-01 01:39:00,29.61080674560464,64.37737064720372,79.08361516809207
2024-01-01 01:40:00,53.47070427814715,65.41624810507756,120.88062846095256
2024-01-01 01:41:00,51.43613692092985,57.78917629792179,76.9465349140197
2024-01-01 01:42:00,55.04903517221069,65.21932391986577,97.80071205253743
2024-01-01 01:43:00,47.36583177084141,65.93031140021421,63.15574853481617
2024-01-01 01:44:00,53.47368959168537,32.48411399581151,102.9728431654107
2024-01-01 01:45:00,40.51891074311714,76.80177760116241,133.57433116521685
2024-01-01 01:46:00,38.96496663608871,75.37066423354588,61.357235484887006
2024-01-01 01:47:00,52.66008216886641,48.916768722500336,108.59731665815735
2024-01-01 01:48:00,48.30172825115556,65.54294961949269,90.87999892370554
2024-01-01 01:49:00,49.64827848066803,43.108619988038285,130.47493019990412
2024-01-01 01:50:00,65.3741762837899,48.58304472224482,110.33890223957164
2024-01-01 01:51:00,53.69213309811227,54.231496688304254,111.32904580398508
2024-01-01 01:52:00,56.19571550829251,58.609123851069846,119.65238633265916
2024-01-01 01:53:00,57.273055633990914,81.03594301809912,114.64862208862029
2024-01-01 01:54:00,61.444364825442335,48.52301583752436,129.87070014065813
2024-01-01 01:55:00,63.30281824584782,72.45331206395693,135.15177720424794
2024-01-01 01:56:00,56.03919138531719,70.23300050927138,104.65839653997551
2024-01-01 01:57:00,38.49761914723376,59.67713744199265,97.07745027875472
2024-01-01 01:58:00,34.62374725994839,57.07110838445241,106.47637119278792
2024-01-01 01:59:00,54.80479771173604,57.75521769585859,114.5960056346278
2024-01-01 02:00:00,43.94073129901517,52.397983391005816,90.11596710720316
2024-01-01 02:01:00,72.34477013327819,43.93779787566433,115.65995101184278
2024-01-01 02:02:00,49.65678480981093,58.84782060816576,105.802587943397
2024-01-01 02:03:00,60.35771941964262,51.9025040265588,129.8880458497539
2024-01-01 02:04:00,35.16620006483226,52.28272046208478,89.84362294648577
2024-01-01 02:05:00,60.28553236203794,48.02393511782507,138.4084724843911
2024-01-01 02:06:00,53.76213794165593,68.2804472127668,87.15988245606661
2024-01-01 02:07:00,45.01155635329773,66.15197071646212,105.82874813371886
2024-01-01 02:08:00,37.5119109483011,63.68410521293418,82.22742120165759
2024-01-01 02:09:00,47.2715997708198,59.85766575469348,84.06673676724132
2024-01-01 02:10:00,53.32929383896818,77.80943401420643,114.96958155827056
2024-01-01 02:11:00,41.182360929107794,82.48268110667071,63.7361987019226
2024-01-01 02:12:00,43.74520831079178,75.10389599988956,59.11603707199672
2024-01-01 02:13:00,42.02638104541206,30.95578070816737,111.10131654055068
2024-01-01 02:14:00,73.33451993656844,37.820492946052994,89.74741993502084
2024-01-01 02:15:00,54.16864214133041,95.59043768709908,88.80789975742456
2024-01-01 02:16:00,37.96707529937464,50.21318898757815,119.5351170906315
2024-01-01 02:17:00,51.96926119682812,90.16981060254602,92.05540817066814
2024-01-01 02:18:00,48.71017441799312,65.86019142057252,71.30506782976269
2024-01-01 02:19:00,37.74427757518656,27.521420580528776,81.5372276285343
2024-01-01 02:20:00,44.180452321700365,67.82393211140182,90.2282717184884
2024-01-01 02:21:00,54.15931817477297,65.12757879110202,81.66551967937123
2024-01-01 02:22:00,48.1163019590543,39.659618652771,122.51842330901084
2024-01-01 02:23:00,62.57411255900479,63.62301848537911,69.13831364959093
2024-01-01 02:24:00,57.90694012103168,72.94536383400322,107.84297283948833
2024-01-01 02:25:00,52.65943427300483,75.65153119759587,78.60573169744913
2024-01-01 02:26:00,49.3101251082891,78.0952706491626,123.10446251771388
2024-01-01 02:27:00,49.57775641841882,52.85695721050016,115.4564137270935
2024-01-01 02:28:00,40.091055879749646,64.98763659872394,66.94300777410642
2024-01-01 02:29:00,39.72764814995301,61.96922492838821,64.87676107310932
2024-01-01 02:30:00,42.557754966203646,69.70800472388241,92.29394867865072
2024-01-01 02:31:00,51.23120648965938,51.22455108629431,99.52440954994672
2024-01-01 02:32:00,60.267430882414025,71.97449979614632,86.56107177632434
2024-01-01 02:33:00,40.53998341102391,75.39760260592166,107.770056668883
2024-01-01 02:34:00,32.41049118822811,80.8208796867218,111.53936392158126
2024-01-01 02:35:00,43.35975071232621,76.77284498294709,58.2411495232606
2024-01-01 02:36:00,50.908460896947226,70.21140234021415,83.1291926701336
2024-01-01 02:37:00,71.93795952445713,73.70487190892763,94.8847129552014
2024-01-01 02:38:00,53.21851827815997,53.18396633199443,124.07191989679036
2024-01-01 02:39:00,51.38021538249871,55.96332642255504,61.79271712457129
2024-01-01 02:40:00,50.85375974296499,47.75745915748914,85.74647215737373
2024-01-01 02:41:00,63.60324389252037,58.68983042869867,161.3843353208648
2024-01-01 02:42:00,52.682200382197145,69.6325049680217,55.74619017035884
2024-01-01 02:43:00,51.23315656847876,55.13725019477167,127.2845027224974
2024-01-01 02:44:00,40.76942602614552,71.84119428417475,110.4825660300911
2024-01-01 02:45:00,48.20998055936536,73.33888925890787,77.73293554353123
2024-01-01 02:46:00,63.027661087247566,47.22289420372253,128.65227099044304
2024-01-01 02:47:00,49.896498694280965,53.00159854657555,88.8915425975919
2024-01-01 02:48:00,52.261169043229245,50.73362378540733,107.64453093653388
2024-01-01 02:49:00,62.33917973096313,55.49655337717123,103.47425191045689
2024-01-01 02:50:00,54.96496074127069,76.9754869509616,104.052110064422
2024-01-01 02:51:00,39.50835014261358,68.07990099119047,93.3640562530278
2024-01-01 02:52:00,66.99275278282693,60.74761031631277,107.36297244014476
2024-01-01 02:53:00,45.46127829651254,73.60670386339672,61.018108152441606
2024-01-01 02:54:00,40.51134766589911,63.82608172954561,83.04323351106291
2024-01-01 02:55:00,51.03613347401115,88.87045325425962,125.1824517063
2024-01-01 02:56:00,52.78401549043846,59.06906012619312,99.85524890357172
2024-01-01 02:57:00,50.982059084791,70.79451774830942,125.78561108914616
2024-01-01 02:58:00,46.58089733210397,71.917988838989,112.35467532891674
2024-01-01 02:59:00,63.09117741290267,68.10317844935452,100.69323282193436
2024-01-01 03:00:00,39.92797038990038,56.61058669343997,113.4625623673991
2024-01-01 03:01:00,52.42025187134149,68.9428637721507,99.4190714469978
2024-01-01 03:02:00,34.44246435302938,65.87522681958318,78.09792808524845
2024-01-01 03:03:00,46.60780360566917,90.78061150963153,128.94179573466263
2024-01-01 03:04:00,39.60214046949744,43.76378835733472,97.72561824179596
2024-01-01 03:05:00,42.95044481133962,84.16348313628083,69.97153918403717
2024-01-01 03:06:00,49.58829593450569,45.57843421085739,102.92291404952488
2024-01-01 03:07:00,68.9419906338057,77.20535854350743,112.45800053791956
2024-01-01 03:08:00,42.28960032130063,63.63016324083817,127.35342515329968
2024-01-01 03:09:00,60.29201726071697,60.57873874124456,118.2178722188865
2024-01-01 03:10:00,57.27394193188872,61.52965714687698,102.79429644783384
2024-01-01 03:11:00,56.16013646078755,53.96885643153141,108.09915842661432
2024-01-01 03:12:00,38.71458284270499,62.63185716994092,88.86266572574557
2024-01-01 03:13:00,49.8664413414411,47.75259155079872,78.00367807306088
2024-01-01 03:14:00,51.991811026210215,65.29950636273537,99.93813664112898
2024-01-01 03:15:00,37.83206644367888,56.65367390360363,135.64406694977413
2024-01-01 03:16:00,28.71646729642748,67.75049161206371,88.76735240244926
2024-01-01 03:17:00,54.30054709789289,48.90231663670791,107.6677434737159
2024-01-01 03:18:00,59.79330176134936,65.5107698929797,104.509619484311
2024-01-01 03:19:00,45.26739467919938,58.45028258763932,80.48472594305018
2024-01-01 03:20:00,34.47365986216996,44.64057540015175,127.19661291171032
2024-01-01 03:21:00,62.04281637611071,86.58842182169676,66.36690088785116
2024-01-01 03:22:00,39.8950509983374,63.521667343051526,97.06169224305928
2024-01-01 03:23:00,42.58997751186629,69.57473296247029,93.38665910493008
2024-01-01 03:25:00,39.29135641143892,66.44203099708874,48.638218837335536
2024-01-01 03:26:00,45.73538223220625,74.07559765290543,76.31427041196997
2024-01-01 03:27:00,55.06758706345337,43.190166459138695,65.65078707304845
2024-01-01 03:28:00,57.12880585952692,57.45140695144149,149.76162696726448
2024-01-01 03:29:00,45.03321309776818,38.414794256718125,89.85672023080551
2024-01-01 03:30:00,54.33446858983693,38.69959560575286,122.23528911293624
2024-01-01 03:31:00,45.97682881736024,69.69257741757016,94.99542009351096
2024-01-01 03:32:00,45.71550100015664,59.88883966872773,71.93024269522121
2024-01-01 03:33:00,44.13372745280135,49.42042615741491,111.32048922335184
2024-01-01 03:34:00,38.60971124447062,58.46775599800729,67.4135839554994
2024-01-01 03:35:00,54.31383271712183,43.13488780789356,66.7557446259959
2024-01-01 03:36:00,41.60034840812992,80.24616380067938,131.75351684329206
2024-01-01 03:37:00,44.18348684401369,61.18374674018615,57.88773722591715
2024-01-01 03:38:00,52.8587609079452,44.255865614837205,79.41100018378705
2024-01-01 03:39:00,24.218506586693525,44.388651787318224,68.8463299046036
2024-01-01 03:40:00,38.72264757983058,28.63027792079877,73.23977249553236
2024-01-01 03:42:00,61.05891281772108,62.2585073290884,111.24285727650212
2024-01-01 03:43:00,45.68918098858779,48.88953289399761,70.0888651801047
2024-01-01 03:44:00,50.955171264597794,78.38724137031652,87.55985731730246
2024-01-01 03:45:00,56.16686104419245,50.60984509803838,79.53153217227391
2024-01-01 03:46:00,64.78693340445334,60.96030368886633,112.6786178452933
2024-01-01 03:47:00,47.76196537027495,66.06119954587143,135.74565721624035
2024-01-01 03:48:00,70.7595174224051,53.041941704689584,89.98617844220185
2024-01-01 03:49:00,59.97714843188128,93.643423095969,109.77663523948918
2024-01-01 03:50:00,41.80103170114549,67.59525524262654,66.95099974563456
2024-01-01 03:51:00,24.44488752756165,65.90593708114169,123.46705891914004
2024-01-01 03:52:00,56.836678048665824,52.26375262939518,80.58587112188684
2024-01-01 03:53:00,57.00353402699023,47.74809027214697,113.93878117967157
2024-01-01 03:54:00,46.40305668990076,70.80800138437753,88.4677059931464
2024-01-01 03:55:00,54.34541777793799,44.302614221656256,73.48741662916169
2024-01-01 03:56:00,31.940959848675742,70.0506243834309,103.5637967482162
2024-01-01 03:57:00,53.22635439575459,47.17435753237977,76.20129864767073
2024-01-01 03:58:00,63.12905343987919,66.14941291178494,87.83495235507971
2024-01-01 03:59:00,52.93422266982968,67.6897036917502,54.41312394929483
2024-01-01 04:00:00,36.63828398368024,57.29779879177607,97.67094478313112
2024-01-01 04:01:00,71.13577687420432,59.078765801202096,75.64212600119211
2024-01-01 04:02:00,46.68302371779844,56.31001715126892,70.73954835407586
2024-01-01 04:03:00,33.61859203635929,71.75776357870001,97.94144666236042
2024-01-01 04:04:00,50.46127085705283,53.87859278237011,119.04276004124593
2024-01-01 04:05:00,33.76066710712887,52.53775956278936,90.86484145890562
2024-01-01 04:06:00,59.88788713617749,86.41530987979627,52.63376764266475
2024-01-01 04:07:00,34.28894338863173,69.92424526253924,113.49125949872548
2024-01-01 04:08:00,60.03093403672602,42.16466038226352,144.49196561220555
2024-01-01 04:09:00,46.02663898841766,80.87246416502586,125.06993659478988
2024-01-01 04:10:00,54.17000932164903,89.25074728220561,128.0709670916808
2024-01-01 04:11:00,56.26842220669756,49.27088597828736,111.90717490818584
2024-01-01 04:12:00,43.226888040524855,93.18781858355524,70.89288239475307
2024-01-01 04:13:00,49.640559523205326,59.468263326909536,117.83097543148642
2024-01-01 04:14:00,51.09762255997122,58.59584950454731,69.4281900968099
2024-01-01 04:15:00,53.01759350557145,55.289858827248736,138.52505637870306
2024-01-01 04:16:00,46.88465051917736,75.6506426427505,112.49287791328852
2024-01-01 04:17:00,51.90999886850272,74.75856516258055,119.66453396113636
2024-01-01 04:18:00,52.294958513267446,47.64958849603775,79.6031054677747
2024-01-01 04:19:00,45.28180177454731,55.45808035870378,105.78301660725322
2024-01-01 04:20:00,45.47824610479047,57.24316624532171,142.65319050772854
2024-01-01 04:21:00,57.30656416069654,45.45421433394988,108.96911099824828
2024-01-01 04:22:00,50.47163938469371,60.71362939268447,115.27430426112645
2024-01-01 04:23:00,48.29647502154395,68.49132864601025,125.44640425329584
2024-01-01 04:24:00,55.07497138358792,62.01891925730784,151.2263714548536
2024-01-01 04:25:00,58.72949045859805,47.54363141096579,74.4134221006349
2024-01-01 04:26:00,40.98808508610977,52.82844590765462,103.88519901422076
2024-01-01 04:27:00,48.56610111415753,79.77988201678016,96.3480481598788
2024-01-01 04:28:00,48.76018491372992,59.17625237143189,96.86937101127693
2024-01-01 04:29:00,39.806623544751325,77.60457520765286,125.86113948525416
2024-01-01 04:30:00,51.77524940535242,59.71169964237045,102.63119672813532
2024-01-01 04:31:00,49.96981709672868,41.01953623395278,145.8113470322682
2024-01-01 04:32:00,33.8418813621304,71.77769124245239,124.91711511960057
2024-01-01 04:33:00,54.87509469083274,63.56422821117234,110.8865890352388
2024-01-01 04:34:00,66.85676376624322,75.20528679556483,47.876281151921305
2024-01-01 04:35:00,52.95922327538338,75.25363092885223,65.16876003458074
2024-01-01 04:36:00,48.50261702115546,59.96338896968347,152.65267249980317
2024-01-01 04:37:00,51.38990227167893,55.76506577888654,110.3556329607469
2024-01-01 04:38:00,64.60719069099471,77.52412480675724,126.07866103163764
2024-01-01 04:39:00,64.9030843640852,62.40283206389555,88.67114264723804
2024-01-01 04:40:00,46.372937300686935,58.74118274890771,133.51654980729762
2024-01-01 04:41:00,48.47342856541907,62.8170118970992,117.60530107905844
2024-01-01 04:42:00,55.52985104068143,72.60166518417252,141.5951504491806
2024-01-01 04:43:00,55.18760273261658,65.29376387344877,114.57657874709366
2024-01-01 04:44:00,54.26696006432954,75.56381324138265,79.75174394362898
2024-01-01 04:45:00,38.57672833756125,60.41322274575504,96.89797848639375
2024-01-01 04:46:00,29.459522939107487,73.67959049616164,125.92850551730167
2024-01-01 04:47:00,54.14209575765317,86.69199892125972,111.20218105661252
2024-01-01 04:48:00,41.64003806785249,51.22374580768965,77.70234652894482
2024-01-01 04:49:00,75.5506304423493,73.39335964572054,59.25870626086888
2024-01-01 04:50:00,59.50167876762895,48.91821499994799,103.7453908429111
2024-01-01 04:51:00,62.08071368879919,72.0727943494156,125.7617693150542
2024-01-01 04:52:00,58.16794045963599,19.70538271677586,89.19004134658547
2024-01-01 04:53:00,38.18860422252455,88.41438774535929,125.58702543535183
2024-01-01 04:54:00,68.53168016051846,84.99843875785817,112.72098596444616
2024-01-01 04:55:00,59.74646205362061,71.42792990270019,131.52898282777446
2024-01-01 04:56:00,46.13537794836103,58.65530373500393,71.11865700933113
2024-01-01 04:57:00,46.453433186137744,55.05101643144759,104.85588477952663
2024-01-01 04:58:00,43.52737938750741,40.73557226332336,124.9240181881949
2024-01-01 04:59:00,59.38981253172287,41.45546566332701,119.94849432211818
2024-01-01 05:00:00,33.40222618731367,48.61396889221584,69.75200331132963
2024-01-01 05:01:00,64.55258315571967,75.53280069375668,72.44228896686678
2024-01-01 05:02:00,38.018600912567535,36.49436198727315,78.24728615685927
2024-01-01 05:03:00,65.8543460077666,45.79585858850159,100.02329323709942
2024-01-01 05:04:00,33.936641376904625,65.34207050496155,133.7616314996337
2024-01-01 05:05:00,49.794805546264,51.40589192931344,97.57188681717184
2024-01-01 05:06:00,41.65484114382929,54.78578595709385,112.57011699355564
2024-01-01 05:07:00,47.65258243840741,49.92460826806318,62.74651698535113
2024-01-01 05:08:00,37.66430182064151,57.96412327775504,79.16249909093965
2024-01-01 05:09:00,55.18474340067477,70.84468719238222,120.68236168134572
2024-01-01 05:10:00,51.58331982486329,47.12038851153808,106.32385945132928
2024-01-01 05:11:00,54.22638620098787,50.60820760554076,132.65693422352348
2024-01-01 05:12:00,52.8140581121463,66.05378401238359,101.64708252993982
2024-01-01 05:13:00,56.50912838634388,54.66492101426138,111.10232767637363
2024-01-01 05:14:00,45.85768375213386,83.83400350741239,131.10597807637413
2024-01-01 05:15:00,55.67187761803957,67.05243386092184,111.81665273130186
2024-01-01 05:16:00,44.88047598644801,75.81672141470187,94.96735142591577
2024-01-01 05:17:00,48.8505927948485,57.139672470843045,103.71258240589565
2024-01-01 05:18:00,66.54458047488122,37.53490742581696,59.31909921977584
2024-01-01 05:19:00,44.86169555205449,81.54321879501504,100.96279877966388
2024-01-01 05:20:00,49.24152556228879,67.93100123607825,66.10374224962914
2024-01-01 05:21:00,55.58215786373493,59.409153026615776,93.7023931279666
2024-01-01 05:22:00,38.88468563590497,52.357720410054505,120.07868054256063
2024-01-01 05:23:00,39.11226019831632,46.91520170106533,110.7113622980659
2024-01-01 05:24:00,75.97319927080406,39.75891511076285,119.32104993747772
2024-01-01 05:25:00,47.90203980959307,61.33335427264713,97.2103938186141
2024-01-01 05:26:00,48.15987582417621,83.99519847713978,81.50653459849379
2024-01-01 05:27:00,52.3006531842204,86.3685831736917,118.60429746489936
2024-01-01 05:28:00,62.202898155590646,87.59574056646431,83.58632956360691
2024-01-01 05:29:00,78.46079132938692,77.57600746881478,107.80252816697256
2024-01-01 05:30:00,39.42807324564609,70.42598584300859,105.62961369187312
2024-01-01 05:31:00,48.34802723713343,67.88550040694109,60.55044516516436
2024-01-01 05:32:00,54.343292823594304,67.84723552917013,121.0667977656052
2024-01-01 05:33:00,50.747127580222376,46.20216205922139,103.09583538312673
2024-01-01 05:34:00,50.2884156395378,85.6775588316238,110.31592703970048
2024-01-01 05:35:00,21.78718088644232,66.8393571699423,132.32292335097722
2024-01-01 05:36:00,48.87513891633697,60.20118677697238,75.04440746032498
2024-01-01 05:37:00,52.88744882702428,48.39269178663739,64.39170015631879
2024-01-01 05:38:00,32.37832823690609,39.290177849717445,111.47610078747635
2024-01-01 05:39:00,45.08830385372292,50.38683990182376,125.46736499786252
2024-01-01 05:40:00,53.0789583456052,92.51971282692622,109.60898187000832
2024-01-01 05:41:00,26.338315369334047,46.55596287561663,129.0009284873043
2024-01-01 05:42:00,48.56944155675716,63.74757253313851,138.01790655007375
2024-01-01 05:43:00,55.636165299817335,50.04875085701324,142.3928841162313
2024-01-01 05:44:00,45.06416850089052,71.22008388965774,118.36166865342751
2024-01-01 05:45:00,47.66359954711077,67.67275297747427,115.93372303161009
2024-01-01 05:46:00,60.41155579511046,48.982046126203166,91.32899059493462
2024-01-01 05:47:00,63.618536852666594,67.93618407226506,74.27680458189236
2024-01-01 05:48:00,35.82692310669788,57.11950141671716,97.77318914421622
2024-01-01 05:49:00,38.16348517475654,33.87683671962601,50.69496609884885
2024-01-01 05:50:00,60.32160754982344,55.92369394009965,94.73278929969008
2024-01-01 05:51:00,41.33893015134605,57.37543223980266,62.839255098887264
2024-01-01 05:52:00,39.31131215353697,57.711987160205446,81.03334216834442
2024-01-01 05:53:00,36.37295394184544,64.30309456351459,105.687880304768
2024-01-01 05:54:00,46.80300762115581,62.928407060877774,75.80325073605306
2024-01-01 05:55:00,61.91079220743876,42.39759476361564,119.60854113699624
2024-01-01 05:56:00,40.524055989009824,48.42675702573652,85.69971736197756
2024-01-01 05:57:00,23.80320425439253,49.51550014275027,95.19530620526612
2024-01-01 05:58:00,64.00306201903967,32.10432961209426,82.78381705838427
2024-01-01 05:59:00,61.80393257285409,37.35652096228622,57.08311427695505
2024-01-01 06:00:00,74.58368783651783,68.56942151194966,72.23943703877396
2024-01-01 06:01:00,41.482909642518095,76.53361651875423,106.07318633541132
2024-01-01 06:02:00,52.396849763321406,49.90352103601316,120.0626756318425
2024-01-01 06:03:00,40.185515645166895,68.54375359938686,85.19032606593083
2024-01-01 06:04:00,58.06339159893181,69.91988319106916,91.3843344084476
2024-01-01 06:05:00,36.27187555275141,66.3492725977377,104.05757838934156
2024-01-01 06:06:00,44.876678394295375,45.54343059598738,87.27890360231724
2024-01-01 06:07:00,33.5126782680079,79.71038014580607,142.30087045023282
2024-01-01 06:08:00,40.21175158931028,64.97864671895333,118.6071713957818
2024-01-01 06:09:00,50.967606665856216,52.25706130422245,76.37313642279602
2024-01-01 06:10:00,54.62720870644039,59.29296850191699,65.96674241815305
2024-01-01 06:11:00,44.73055241550919,43.54830407860257,73.27293450490603
2024-01-01 06:12:00,45.5285515539637,39.44935818817131,77.25959179524497
2024-01-01 06:13:00,61.49004546513173,40.87777607636896,77.89251945117387
2024-01-01 06:14:00,66.55257639625819,69.00625145438163,60.926630304711935
2024-01-01 06:15:00,67.18867965636906,53.719753905467854,63.69839066160045
2024-01-01 06:17:00,59.46371312318652,53.9270062340556,139.5689148031276
2024-01-01 06:18:00,32.021397546150965,39.90213624163663,104.48542148528811
2024-01-01 06:19:00,29.39039927147952,78.85064656985736,123.64010326283126
2024-01-01 06:20:00,57.68379007885445,56.42958684476709,110.52795293557918
2024-01-01 06:21:00,61.73144839778621,60.92490566943708,109.26720280057228
2024-01-01 06:22:00,55.89591710143141,74.14850236292166,108.1797639941316
2024-01-01 06:23:00,39.610314449230486,57.70012955039163,125.88451892817412
2024-01-01 06:24:00,32.4224011802377,74.41257793464338,79.2569368562824
2024-01-01 06:25:00,52.66803243487914,96.98521509139482,80.95002460182421
2024-01-01 06:26:00,51.63510994100127,56.06358166173439,95.56542205320996
2024-01-01 06:27:00,43.214706253848526,75.05967951611086,95.49875360488932
2024-01-01 06:28:00,35.78084640505869,65.00140262033257,102.8181281029838
2024-01-01 06:29:00,41.22415819046406,33.751243879526115,152.71307677723797
2024-01-01 06:30:00,55.09761082925499,63.16974310133593,130.860065226403
2024-01-01 06:31:00,56.27945564966872,51.70852958561609,114.80695655915414
2024-01-01 06:32:00,45.73742599251879,19.7044882001804,97.52086481573734
2024-01-01 06:33:00,39.89285404171112,67.62554717087492,119.79899573923076
2024-01-01 06:34:00,36.22521444032884,56.94255054638828,116.945050728987
2024-01-01 06:35:00,37.63484817359398,80.74524717239849,58.14407835039495
2024-01-01 06:36:00,59.5436474078426,48.53967827828758,92.7492630511
2024-01-01 06:37:00,53.65212623098069,53.61197059230059,69.24329937441735
2024-01-01 06:38:00,72.58196906591402,83.22649925490146,129.2728516471088
2024-01-01 06:39:00,50.530230566959965,42.72768506174995,107.2455486070643
2024-01-01 06:40:00,47.03388201098313,64.07235311724101,68.40837740139554
2024-01-01 06:41:00,42.74729044939213,61.96745507971886,124.83619483052934
2024-01-01 06:42:00,55.667395609617785,68.54161179796132,62.713363016240656
2024-01-01 06:43:00,32.72814534227531,48.10633758956902,89.9267093508218
2024-01-01 06:44:00,50.327566095084215,48.446387936920445,119.41678485945174
2024-01-01 06:45:00,41.195584422123176,45.0601326281468,89.79241962119207
2024-01-01 06:46:00,61.42333550089052,72.763651534918,142.52255833264843
2024-01-01 06:47:00,36.72897065288991,71.10007351116376,99.86977884526851
2024-01-01 06:48:00,23.47731597049397,73.99624539191551,81.8241075128955
2024-01-01 06:49:00,62.01013204567243,61.76118952956256,67.65875848039971
2024-01-01 06:50:00,47.730918842102845,57.26993164014588,95.82298547796604
2024-01-01 06:51:00,61.04323252844783,46.73044888940222,95.32042712120374
2024-01-01 06:52:00,67.5566508313247,33.50939102219711,79.28713268426031
2024-01-01 06:53:00,32.72312928063052,78.23413126166923,82.7813922857721
2024-01-01 06:54:00,49.67837801470954,31.39222587260276,66.63260042269317
2024-01-01 06:55:00,51.24060299697967,37.92175936319087,94.69788921483058
2024-01-01 06:56:00,24.037966029629523,54.18887444751378,59.06828312805087
2024-01-01 06:57:00,42.5856491939267,74.79953224479502,118.71054874532476
2024-01-01 06:58:00,36.34358852609371,58.311801832296496,107.27282383247264
2024-01-01 06:59:00,35.54005410123989,48.47203842766793,90.59158093816514
2024-01-01 07:00:00,51.46813281927916,72.10106388000912,112.39546068874952
2024-01-01 07:01:00,60.98329822548372,64.81271015049252,144.4972112206811
2024-01-01 07:02:00,67.26248288840172,64.76576946628197,97.8224546458941
2024-01-01 07:03:00,57.29670712440415,36.570624653476415,85.3484186771436
2024-01-01 07:04:00,41.02815354453895,47.09315640868212,96.28882766032078
2024-01-01 07:05:00,42.808516785189525,43.45649927865566,114.9525700093143
2024-01-01 07:06:00,49.16660248056946,57.00860329752879,90.61619049900052
2024-01-01 07:07:00,54.84875476586218,56.627568882818494,90.64297104213436
2024-01-01 07:08:00,51.87394407729599,53.13430467554012,96.6576475195683
2024-01-01 07:09:00,41.73447312055944,95.97364978295796,129.00184645625706
2024-01-01 07:10:00,56.6575846724147,62.62362064680882,136.80536235395476
2024-01-01 07:11:00,45.59339366220608,77.69535211620826,129.79769856494718
2024-01-01 07:12:00,70.39729795662792,52.11349112742296,136.39320506649395
2024-01-01 07:13:00,46.93324303583769,83.17222220799599,132.4756975385007
2024-01-01 07:14:00,71.14874571994505,45.08433930707557,109.05337382339984
2024-01-01 07:15:00,59.851096799196405,80.90419627349392,89.19960912204567
2024-01-01 07:16:00,47.18704250477925,74.64266446211504,64.68554628941365
2024-01-01 07:17:00,40.3406632956652,49.70456627735881,94.23100406931292
2024-01-01 07:18:00,50.67148446603845,93.12636872266252,101.89624663921128
2024-01-01 07:19:00,59.82633549346378,41.38774596536547,109.22371545107416
2024-01-01 07:20:00,32.577853044620554,33.85535781646891,155.60130105322278
2024-01-01 07:21:00,45.41893016792416,73.89859496399534,127.3089564386337
2024-01-01 07:22:00,44.29713265124347,79.10173516884416,61.36527765788169
2024-01-01 07:23:00,56.64477967447196,38.58644411183205,94.70110746533936
2024-01-01 07:24:00,49.33688158972192,59.754819328966136,66.54111218043701
2024-01-01 07:25:00,60.06724406634013,63.65916295987802,90.03413332160433
2024-01-01 07:26:00,35.20899078705874,74.13264121614988,97.78340258451776
2024-01-01 07:27:00,61.001205987079146,66.19136756018878,105.41621820831529
2024-01-01 07:28:00,55.59238855890215,38.88276627164511,110.0740568414442
2024-01-01 07:29:00,64.29348894258443,50.225331275038464,118.83555238958417
2024-01-01 07:30:00,42.77545292137407,75.89773456320698,96.15404957086967
2024-01-01 07:31:00,34.739629718390056,73.79169646953082,128.4226074061968
2024-01-01 07:32:00,58.82555937511855,80.21935135666004,60.39743500292419
2024-01-01 07:33:00,60.902946173031,71.69985483652984,129.90985227235814
2024-01-01 07:34:00,51.88793099619685,58.8063172154571,80.28007609028053
2024-01-01 07:35:00,48.53875883424318,67.86931936900827,62.5826841648768
2024-01-01 07:36:00,54.26283376592868,38.9796497052816,104.80793266322888
2024-01-01 07:37:00,69.31745316090444,77.125314084086,110.2285434462967
2024-01-01 07:38:00,46.54450009094415,56.734104530096346,94.15068662517132
2024-01-01 07:39:00,32.57205750504842,73.42809943927855,122.78247835168092
2024-01-01 07:40:00,49.34201219583002,66.49238364847643,110.51880564357188
2024-01-01 07:41:00,46.62154441786297,70.25462998569216,118.00252399841482
2024-01-01 07:42:00,41.04775867246147,45.0839402473662,119.31066905739112
2024-01-01 07:43:00,50.12923213675085,58.1788099125097,82.07123779736935
2024-01-01 07:44:00,49.073201777010254,74.4633307899972,88.69287455430805
2024-01-01 07:45:00,54.20393803815653,62.09526497033389,150.56851230352086
2024-01-01 07:46:00,48.24643964256051,70.41651339936965,115.8933503144188
2024-01-01 07:47:00,56.04530254488899,66.99997438122237,67.77786879253694
2024-01-01 07:48:00,43.68107180916894,85.73675818671782,91.73235832460396
2024-01-01 07:49:00,57.754700472633736,52.57500353037558,48.79783345815119
2024-01-01 07:50:00,44.314141347905824,55.95751968927861,71.59906121973572
2024-01-01 07:51:00,44.84760489117684,46.36170350605445,84.66221623835673
2024-01-01 07:52:00,67.65931681756734,52.51233413625752,131.9667347669942
2024-01-01 07:53:00,34.20313752480975,46.95608493298633,94.3694999053954
2024-01-01 07:54:00,31.564145875748583,70.48071779711582,133.42403195588602
2024-01-01 07:55:00,57.46108539761171,58.72545933213844,95.36727775085625
2024-01-01 07:56:00,40.95318132734643,63.98038240671234,81.91760966659244
2024-01-01 07:57:00,59.05767781849486,84.5743544824156,104.4657578997602
2024-01-01 07:58:00,50.43778170833728,59.48013203214877,151.2763938526503
2024-01-01 07:59:00,49.02343429275297,61.66353834162617,80.24019455778257
2024-01-01 08:00:00,58.25728117406804,60.48977053142749,84.31623590551875
2024-01-01 08:01:00,60.92132027333403,84.57734305134562,93.03586552670969
2024-01-01 08:02:00,42.468465674869606,50.1604230585259,147.53852719637325
2024-01-01 08:03:00,45.71977487975311,44.99710671149472,89.90659944896686
2024-01-01 08:04:00,40.850710793800765,51.21728115408715,105.52691597361104
2024-01-01 08:05:00,56.225055105854025,44.352991802427255,94.15221706181644
2024-01-01 08:06:00,44.124883537193504,64.02203114854423,89.16858006913321
2024-01-01 08:07:00,49.97717145045628,37.55545065072084,121.90165809277238
2024-01-01 08:08:00,52.10266523362926,73.66415821827725,76.73072685624228
2024-01-01 08:10:00,53.39911782743771,56.96530113883242,68.85869043231484
2024-01-01 08:11:00,49.04246758166224,64.3316804584018,50.07218491652733
2024-01-01 08:12:00,50.19463074071136,84.8220877991418,107.03469564437997
2024-01-01 08:13:00,58.03603901221364,58.68557683352438,93.34917644854131
2024-01-01 08:14:00,49.38954865678144,78.63364015515477,91.29446557716912
2024-01-01 08:15:00,34.58926882015554,52.79235314303268,104.83154997576102
2024-01-01 08:16:00,49.98203176757377,77.1956786873723,95.41697831770476
2024-01-01 08:17:00,56.43951858172287,68.42745916196584,34.44268383065584
2024-01-01 08:18:00,44.691894942690006,56.74928803914661,101.150205691781
2024-01-01 08:19:00,37.44702792169391,68.80728554511295,113.4564016613705
2024-01-01 08:20:00,65.78102334720717,62.88678713427092,75.1006349665738
2024-01-01 08:21:00,53.69527056666338,48.40951560315282,102.16742645884368
2024-01-01 08:22:00,55.19902322633238,80.50441060317371,75.26993681500812
2024-01-01 08:23:00,55.35544431400332,59.78703438670603,51.02257052333751
2024-01-01 08:24:00,35.77355757490432,62.31260739578296,122.67732251710513
2024-01-01 08:25:00,60.40481454305456,46.7359014379205,51.664703658677176
2024-01-01 08:26:00,52.85657014189065,57.79369736058512,71.3496156711219
2024-01-01 08:27:00,53.22739204051325,61.23764288984498,55.35119461796222
2024-01-01 08:28:00,52.28751573539881,47.077103069230645,110.50336806014408
2024-01-01 08:29:00,55.14895188382688,79.62432845933972,82.86544471991576
2024-01-01 08:30:00,60.07211041219783,54.54469994040202,122.02180693980137
2024-01-01 08:31:00,42.80472751707006,63.321891407582896,132.35193925382092
2024-01-01 08:32:00,53.29413122900974,60.674115731860205,89.80201250445482
2024-01-01 08:33:00,51.60997014129915,66.40749832278951,106.42280317640142
2024-01-01 08:34:00,52.75763606317868,64.04424709013864,91.31088098105118
2024-01-01 08:35:00,41.524498854918754,45.330305832884505,86.47356402327542
2024-01-01 08:36:00,58.74522715324697,70.14339473851565,118.4686979045229
2024-01-01 08:37:00,70.42995719199324,75.5117057030032,111.18320321299392
2024-01-01 08:38:00,44.65253730010952,52.28116758799101,101.59729705752912
2024-01-01 08:39:00,60.174461097406,55.87617471003696,94.44654716819926
2024-01-01 08:40:00,47.48477198934866,55.81106060967788,88.75382248680357
2024-01-01 08:41:00,51.96704502584483,52.98915762875495,91.696233097788
2024-01-01 08:42:00,66.87194551194085,76.20112407472998,156.48254314478683
2024-01-01 08:43:00,37.927227396195605,43.72471802976081,88.11415890106257
2024-01-01 08:44:00,67.25525050022283,45.61778459738012,91.8220621637046
2024-01-01 08:45:00,58.6459317212484,63.492466174853256,120.578869265127
2024-01-01 08:46:00,79.26625760135738,43.855560998147766,70.04934274225351
2024-01-01 08:47:00,58.31754430278066,74.47390314017547,110.20647734799114
2024-01-01 08:48:00,43.82598674515221,47.96302036847089,50.66714443205761
2024-01-01 08:49:00,20.465883177529356,57.389885658873695,79.93898640977278
2024-01-01 08:50:00,57.7852715744442,35.8325771477022,85.33496285996968
2024-01-01 08:51:00,52.4304261122986,54.68766311443339,145.38253334681508
2024-01-01 08:52:00,57.52319365075391,57.87665428689314,124.88105942096996
2024-01-01 08:53:00,65.70640105092296,66.08600823276973,133.729168117497
2024-01-01 08:54:00,58.55296151219045,55.7052351586059,121.67769762419825
2024-01-01 08:55:00,52.05416503517192,65.61960564621877,60.05886084031178
2024-01-01 08:56:00,55.23346806303219,67.38939311884766,97.48897236252829
2024-01-01 08:57:00,58.77804429579575,48.99395725797065,86.19009414256251
2024-01-01 08:58:00,40.6346791809395,77.63008650040844,84.19323876213164
2024-01-01 08:59:00,36.11863689116657,65.87319682791343,76.87395622663426
2024-01-01 09:00:00,54.973417541205215,78.025090660103,97.7692999972089
2024-01-01 09:01:00,50.46482375888472,48.261292160751,97.14772516371748
2024-01-01 09:02:00,48.05803959865807,61.964544271589,73.63278039200299
2024-01-01 09:03:00,44.50396940893054,75.24774965663222,112.34313825114658
2024-01-01 09:04:00,60.95862129835027,78.62623137541665,85.84721766427168
2024-01-01 09:05:00,58.58774831154408,66.30053059399893,76.99100178832447
2024-01-01 09:06:00,68.47237590152936,77.74327436169106,127.58071158809196
2024-01-01 09:07:00,43.00048420507986,34.417953782868146,113.94933217784364
2024-01-01 09:08:00,68.13877518852289,63.863925001163686,82.91592977298475
2024-01-01 09:09:00,45.51019705767432,67.85157767878815,63.30351233134094
2024-01-01 09:10:00,53.56756945403775,62.92632272494996,61.69418331166746
2024-01-01 09:11:00,51.99785234561981,59.775895143638735,125.00728953607369
2024-01-01 09:12:00,44.97940560313624,56.09314480049807,126.57905980218196
2024-01-01 09:13:00,55.88254533883406,51.12879541639203,86.4223626581298
2024-01-01 09:14:00,38.48350369653702,39.21809728941624,128.01927168136282
2024-01-01 09:15:00,49.29276274759553,80.53794478418479,90.70655901230845
2024-01-01 09:16:00,56.66486776545226,37.42742910000509,65.8772611185327
2024-01-01 09:17:00,42.99925437955902,66.60482845263714,97.7044229701497
2024-01-01 09:18:00,53.07874172284161,42.88401055046976,103.51418313867892
2024-01-01 09:19:00,51.0815957474878,52.14272688719176,97.48622489631954
2024-01-01 09:20:00,42.1598358875282,68.24696820190539,85.40519631279156
2024-01-01 09:21:00,56.9186191508184,72.71160464457897,122.95995064988196
2024-01-01 09:22:00,64.19051488180672,84.66147413005395,102.45438763773848
2024-01-01 09:23:00,52.12337079989443,42.28448840550482,113.75245880365036
2024-01-01 09:24:00,43.55966279206839,41.67355274577129,57.8410675666274
2024-01-01 09:25:00,66.49771526597817,49.45908624440325,110.03909688368448
2024-01-01 09:26:00,53.891840754051,61.44680267561256,122.28894940392196
2024-01-01 09:27:00,62.74894027907391,66.39926762922344,76.35030445995142
2024-01-01 09:28:00,50.16194494035224,67.47782117423188,119.25373133116364
2024-01-01 09:29:00,47.19669258297495,53.65879949849643,96.12787680735536
2024-01-01 09:30:00,53.45993613774131,68.14106007677921,114.33844638610552
2024-01-01 09:31:00,29.877711820034328,59.4639003111454,88.05901370761778
2024-01-01 09:32:00,63.42646257119746,71.06443872113614,84.79760964485429
2024-01-01 09:33:00,37.2456694830567,58.83281110623516,135.89860753596258
2024-01-01 09:34:00,61.78746515678462,76.05322119798375,64.57986583218928
2024-01-01 09:35:00,40.13644458621789,52.75082254460088,108.84722031087875
2024-01-01 09:36:00,57.07254398958862,46.144186152807166,59.14854095299152
2024-01-01 09:37:00,42.17217922641901,41.83292460906419,64.57205997672277
2024-01-01 09:38:00,53.93934662378685,63.88347136349338,93.06777424478612
2024-01-01 09:39:00,38.28818847124457,51.18553163385806,123.12726206905371
2024-01-01 09:40:00,49.1757291217342,32.28171433545076,103.41938838197082
2024-01-01 09:41:00,76.91558132780108,55.63352088249241,89.630625797541
2024-01-01 09:42:00,46.343862111565926,54.00348892713796,79.2772313000596
2024-01-01 09:43:00,77.16328587149971,79.73513153591736,75.43536662272649
2024-01-01 09:44:00,62.55746449968522,81.36043759306426,102.77724703408656
2024-01-01 09:45:00,53.70642079766812,59.73311634485968,97.80954838570972
2024-01-01 09:46:00,35.551390193984815,70.88714172502881,115.01080345600649
2024-01-01 09:47:00,48.61891321990489,60.93076772947303,81.43343292311746
2024-01-01 09:48:00,45.05356712193437,45.818532053792005,115.29410088343472
2024-01-01 09:49:00,66.54191422138126,75.75548416291794,126.3064415678759
2024-01-01 09:50:00,42.449304303825095,49.84564785615397,122.28238288343027
2024-01-01 09:52:00,61.63138094339466,61.2501153337312,91.85839661730662
2024-01-01 09:53:00,41.72529272415964,53.0728719912549,89.11618853661774
2024-01-01 09:54:00,52.20462880884107,48.09600559139896,94.10009517363612
2024-01-01 09:55:00,49.1197822559814,64.37895504988752,102.06679709751944
2024-01-01 09:56:00,60.02725573912221,52.513736902334514,111.31029851439688
2024-01-01 09:57:00,35.01855576517072,69.06760594866017,110.12418032419372
2024-01-01 09:58:00,44.57234225680178,65.28783157437024,107.98007285170507
2024-01-01 09:59:00,49.2865355378971,73.10483936295378,115.64065721778871
2024-01-01 10:00:00,53.24094125773331,54.36296808100664,91.39104160949694
2024-01-01 10:01:00,45.39130276208599,81.73626044247035,94.14694734477736
2024-01-01 10:02:00,45.3659836532123,81.23483423368916,81.93253803784302
2024-01-01 10:03:00,63.35414131777053,60.25019130316438,127.0184439454534
2024-01-01 10:04:00,55.47048563622377,78.68136407383325,163.3825428638406
2024-01-01 10:05:00,39.75680001616001,53.56624090380328,84.46715525867415
2024-01-01 10:06:00,44.77302296157139,69.72513020087361,122.49430386944368
2024-01-01 10:07:00,44.680480817622,49.20178889572905,97.76284572379151
2024-01-01 10:08:00,39.3501734127028,65.71009939542294,83.06552592020469
2024-01-01 10:09:00,61.101652068959005,70.55104682071631,105.57910326697092
2024-01-01 10:10:00,45.41351034157135,27.17415091314476,102.7708765867293
2024-01-01 10:11:00,55.57925909231474,69.81593568793687,98.67197754977752
2024-01-01 10:12:00,64.44157853802838,55.55471262338738,70.06987255120623
2024-01-01 10:13:00,61.12159462690029,49.34574627142529,77.33748166178984
2024-01-01 10:14:00,68.95152762293326,77.77522111701543,97.01833323490706
2024-01-01 10:15:00,55.51218750935288,59.97432937902487,114.97778188388514
2024-01-01 10:16:00,59.59743861001148,59.0061891085012,95.00143533160698
2024-01-01 10:17:00,38.35887646012894,70.09170143361044,108.55143726446671
2024-01-01 10:18:00,41.87867998096358,64.11322024395912,118.88482148853952
2024-01-01 10:19:00,57.18116407674,88.8995918385781,119.27740568958434
2024-01-01 10:20:00,45.76600669628202,59.16927119687084,131.51940298294795
2024-01-01 10:21:00,34.66025034073553,63.85171996813053,73.16576471563302
2024-01-01 10:22:00,37.13028101180899,45.05291039039095,127.96204207250476
2024-01-01 10:23:00,71.46746751799705,81.1597092997997,106.718622411791
2024-01-01 10:24:00,52.25174066607964,56.6336458385801,81.08567500362993
2024-01-01 10:25:00,36.03446499930482,57.82881542924241,75.95905199083629
2024-01-01 10:26:00,37.352196611451504,40.618322618876135,129.5525832157295
2024-01-01 10:27:00,47.3857660649362,42.447380383144974,127.12288452386484
2024-01-01 10:28:00,49.142953041264136,61.358290055081206,132.88416811476725
2024-01-01 10:29:00,55.590666386699766,34.070043790927386,118.82552722951282
2024-01-01 10:30:00,60.45941198205672,69.60927239154975,118.0763062101492
2024-01-01 10:31:00,57.33418205797839,31.374500506474792,94.59847999052784
2024-01-01 10:32:00,40.793326340749296,49.39770633079425,121.92979164992498
2024-01-01 10:33:00,41.32551602210583,68.07666759066254,71.25081458723872
2024-01-01 10:34:00,49.66604022819656,46.28646415906536,104.4986300637462
2024-01-01 10:35:00,42.56695167020235,83.23117091185958,132.47959016700298
2024-01-01 10:36:00,39.51996866471292,38.27601822471384,82.44425989251766
2024-01-01 10:37:00,33.87284837452711,84.50704496370557,75.68264003245487
2024-01-01 10:38:00,48.72966774168383,49.77704184933062,104.7217971056387
2024-01-01 10:39:00,43.929718835422136,65.35841416076767,109.45873534967843
2024-01-01 10:40:00,52.386712205644734,61.151084836950126,85.71184978738569
2024-01-01 10:41:00,62.144711979904606,27.702734789002733,170.0022253887254
2024-01-01 10:42:00,34.578460062704934,72.47215890257442,79.91621506447957
2024-01-01 10:43:00,46.3447766760336,84.40671182755948,114.69917099989436
2024-01-01 10:44:00,43.89993745419204,58.34435383765456,84.12754313835855
2024-01-01 10:45:00,48.42792996935377,41.92407807279319,93.64478574596
2024-01-01 10:46:00,53.52517696143831,51.71599920832955,57.92007100804142
2024-01-01 10:47:00,53.40487339291971,42.76256283082855,58.03495120173354
2024-01-01 10:48:00,54.25756972371308,59.96578187051707,102.03514630962472
2024-01-01 10:49:00,62.011701495322406,61.07927351663993,135.02133141965308
2024-01-01 10:50:00,43.98070820858054,66.68497321779012,116.91283388463532
2024-01-01 10:51:00,50.42933190135295,63.69574054565579,107.6492436569922
2024-01-01 10:52:00,56.09505241077487,59.76039139376172,97.68084413412517
2024-01-01 10:53:00,46.59758439299972,66.80992123506564,118.7535924930729
2024-01-01 10:54:00,36.783713239772354,55.30474840430706,98.46750746646228
2024-01-01 10:55:00,45.12343834753716,50.582525386576776,133.63521437164985
2024-01-01 10:56:00,48.11466187612109,53.39521331990032,43.64690498234486
2024-01-01 10:57:00,54.38206930043224,70.25876413297779,109.48886352367558
2024-01-01 10:58:00,58.775225062327294,79.74800396762078,113.02143845648592
2024-01-01 10:59:00,44.89405550209827,52.21258191476464,74.03595329211294
2024-01-01 11:00:00,49.91698229773213,64.31206489652806,140.42694862011257
2024-01-01 11:01:00,62.86492527756135,56.23757661972319,113.61150951237434
2024-01-01 11:02:00,59.45681481363103,78.37311170272187,101.214376480862
2024-01-01 11:03:00,44.44234221116095,43.35609490144896,138.05977193510117
2024-01-01 11:04:00,38.14791617530444,60.53975649021926,112.27529118798309
2024-01-01 11:05:00,69.81708687148506,70.31296569212384,74.03158505352624
2024-01-01 11:06:00,47.11406670186766,84.46982026291295,74.51715119168176
2024-01-01 11:07:00,39.05038163189115,71.57233601613365,112.09734131061232
2024-01-01 11:08:00,35.30520980571091,75.87138019575896,56.4200526804133
2024-01-01 11:09:00,59.3466861189333,72.18807053585232,75.41220482783062
2024-01-01 11:10:00,57.33396388123981,65.83465074279246,97.64465851662892
2024-01-01 11:11:00,58.099135989131256,59.71576780279159,79.53610399136448
2024-01-01 11:12:00,42.9920945128985,27.163326381826693,90.3086746133163
2024-01-01 11:13:00,51.81316877036183,41.022018389532704,75.79286971458573
2024-01-01 11:14:00,53.29271731220574,62.67476763971455,95.0914199697923
2024-01-01 11:15:00,51.70643776989659,71.25136154692643,109.13537320859534
2024-01-01 11:16:00,36.81543233972345,53.09268393781846,82.62337936289492
2024-01-01 11:17:00,34.359264941297695,54.03354392066309,65.1900524442834
2024-01-01 11:18:00,49.6693711359986,65.79866982555382,38.24966976441209
2024-01-01 11:19:00,56.20767933295499,51.17856457024831,102.01685346296276
2024-01-01 11:20:00,49.3812206951855,80.51662803426605,126.5577453417629
2024-01-01 11:21:00,51.052339186231855,45.06241105931947,53.49774336620396
2024-01-01 11:22:00,51.513347019847096,44.72872555490415,104.70246771301908
2024-01-01 11:23:00,38.52310112838582,44.80606266351254,122.63225553865225
2024-01-01 11:24:00,70.36828699053314,65.57136423459005,114.04920002143568
2024-01-01 11:25:00,42.84160766248393,68.7056436219407,113.34848048108596
2024-01-01 11:26:00,51.61556252175869,23.55834984543029,127.8870636978108
2024-01-01 11:27:00,34.26521938037918,58.048286327647226,114.76956753253393
2024-01-01 11:28:00,57.439283179304034,60.793108982580215,147.7539269461567
2024-01-01 11:29:00,51.78760775189232,77.77580690335063,103.84169762541744
2024-01-01 11:30:00,38.41607379511049,58.66218445730026,80.14146784318858
2024-01-01 11:31:00,51.80361138392479,46.58302453357267,121.21007804186448
2024-01-01 11:32:00,56.07813663260831,43.30149617463641,86.09249507118949
2024-01-01 11:33:00,40.87239493961152,57.11071328572044,72.95515585913172
2024-01-01 11:34:00,50.05490823060441,55.14414197474286,77.13728096627443
2024-01-01 11:35:00,55.15762774759229,75.4989728946372,88.59949969817754
2024-01-01 11:36:00,51.40344627140246,65.48717702899299,100.75437393186378
2024-01-01 11:37:00,56.828291468538886,73.67957237307942,96.2596783434873
2024-01-01 11:38:00,44.02449134799221,27.42248141459597,105.7706618741542
2024-01-01 11:39:00,55.43305663850149,71.12692685048843,113.18506428368644
2024-01-01 11:40:00,44.804066186638686,56.67390785357228,37.31276352408105
2024-01-01 11:41:00,61.13538658958905,84.61850857561078,90.89754467154653
2024-01-01 11:42:00,35.62657450085262,61.705096873979706,119.285218928569
2024-01-01 11:43:00,44.67883325657423,90.14175743915963,79.8380145857997
2024-01-01 11:44:00,40.69334227899448,22.76795889155965,89.5151865312388
2024-01-01 11:45:00,28.330622456372517,61.51029608260513,123.9837958285107
2024-01-01 11:46:00,59.34384528096372,72.22903212416324,80.29251772506086
2024-01-01 11:47:00,44.528364371807335,83.65171004003032,108.14210936229512
2024-01-01 11:48:00,57.62255793585907,58.44684794226438,78.87331531766043
2024-01-01 11:49:00,47.02919285724657,62.77219551288267,86.55227734765288
2024-01-01 11:50:00,33.33160958843821,21.037598289256277,130.91914255124797
2024-01-01 11:51:00,50.56292468550711,57.50083761854806,73.30146079912274
2024-01-01 11:52:00,38.52977759271957,62.896500534459314,92.93106871198133
2024-01-01 11:53:00,46.039015522382336,79.47880068278327,124.8064706729601
2024-01-01 11:54:00,36.11200480984971,57.93450373437134,80.5481677367352
2024-01-01 11:55:00,45.55025253481243,81.56108088745324,132.31102642881785
2024-01-01 11:56:00,45.57848782282297,38.587611253142754,86.98362471100076
2024-01-01 11:57:00,30.552270167431004,69.29586675785347,125.525684113897
2024-01-01 11:58:00,43.36885588522839,57.01094455144932,81.78319128886662
2024-01-01 12:00:00,49.82295612705614,54.76160417553517,98.71047924133616
2024-01-01 12:01:00,50.90495696339095,47.55231851442388,136.47546181127456
2024-01-01 12:02:00,44.39437540727289,42.05561936822905,140.12350557377016
2024-01-01 12:03:00,53.66289736552279,81.43421788807117,59.556002522941895
2024-01-01 12:04:00,48.82273359511073,63.019794632275705,109.62467898556982
2024-01-01 12:05:00,45.18332876949515,58.30385474631908,97.3409594123879
2024-01-01 12:06:00,44.52156506250786,58.73696642940588,90.44195192306644
2024-01-01 12:07:00,59.1927136677663,52.38155441708751,107.19616385411938
2024-01-01 12:09:00,43.17844008652492,33.98954022309828,78.46185063856876
2024-01-01 12:10:00,55.571104333711816,42.40463815621965,82.71462250436316
2024-01-01 12:11:00,32.905755946716795,69.28865039084054,104.12775711249884
2024-01-01 12:12:00,58.81865028554058,61.93295327247972,134.99048507228875
2024-01-01 12:13:00,37.42438929688053,42.147154848508414,59.47574504455534
2024-01-01 12:14:00,28.080708369890534,81.76329491237998,111.42819981264932
2024-01-01 12:15:00,36.673128112753545,76.99429050660046,87.01706351760116
2024-01-01 12:16:00,57.26208767626731,80.50102396347916,101.85464415675794
2024-01-01 12:17:00,50.214788893443135,64.7821335093398,102.57911445339472
2024-01-01 12:18:00,34.823198503980066,76.13719170904204,123.57156274016867
2024-01-01 12:19:00,62.59577613915994,24.66468591211214,78.74915545183916
2024-01-01 12:20:00,54.0693877790595,80.90740291859736,96.37954042862724
2024-01-01 12:21:00,68.06948606566742,40.36534730327152,61.89684805699624
2024-01-01 12:22:00,48.930704783312045,54.48828856502264,89.17775584880808
2024-01-01 12:23:00,47.995319441960746,65.13266581341117,86.5228094013089
2024-01-01 12:24:00,20.83817734022049,26.36573121587056,107.89411258354208
2024-01-01 12:25:00,54.22549561212304,59.4997142914872,115.98198264573377
2024-01-01 12:26:00,40.9137229953176,61.78539087582009,83.10853384579092
2024-01-01 12:27:00,48.712943044173386,64.16104520638407,113.010981718334
2024-01-01 12:28:00,32.11535172962806,78.7441346661965,91.76438515156885
2024-01-01 12:29:00,33.91596050586715,55.82980086384794,95.6252900018358
2024-01-01 12:30:00,47.21278306094658,86.17261875447076,116.86038445428636
2024-01-01 12:31:00,45.938416713456064,77.96081654104289,125.60205601322194
2024-01-01 12:32:00,39.82059722130863,55.47025036441771,119.05241654130008
2024-01-01 12:33:00,61.17084928597809,40.08128165697797,74.88997965402208
2024-01-01 12:34:00,47.29895693701938,85.55991084173469,147.22380992290914
2024-01-01 12:35:00,46.24376052072891,72.67243716617173,59.61553414448888
2024-01-01 12:36:00,40.00079352453075,82.45607964596482,92.36654380719152
2024-01-01 12:37:00,50.75682969440911,59.10755799796528,65.71117815941125
2024-01-01 12:38:00,41.70177151581039,25.41055829202032,109.75245263760358
2024-01-01 12:39:00,36.691313459607336,70.98297725754534,83.06203869491223
2024-01-01 12:40:00,73.43984091066582,65.09228047399026,91.21946638779892
2024-01-01 12:41:00,72.13518450423045,55.00005169933303,131.55000896543297
2024-01-01 12:42:00,30.934856227579356,54.78837572657942,86.07511289157506
2024-01-01 12:43:00,52.42773292561671,48.93977225730112,130.7465007227062
2024-01-01 12:44:00,53.02573342715519,44.32326752495423,102.91308431585804
2024-01-01 12:45:00,61.7883459228352,76.09982577398681,128.33640604646394
2024-01-01 12:46:00,44.87628298097703,81.50333146186769,58.79930646213172
2024-01-01 12:47:00,44.239227093193136,66.5219855711302,135.20980328647136
2024-01-01 12:48:00,63.77023196822339,56.14528731721138,99.00873597734603
2024-01-01 12:49:00,52.63207505196854,68.4091226556091,108.02466075246798
2024-01-01 12:50:00,57.952596409154346,50.26587335515658,81.84426276326269
2024-01-01 12:51:00,32.52869189234784,41.95043261623599,62.11801894964236
2024-01-01 12:52:00,58.73308860162011,64.8354218889777,123.11658718229792
2024-01-01 12:53:00,30.714705355349597,53.93547229822294,95.04786907292058
2024-01-01 12:54:00,58.09420560208555,75.46527372731126,121.56623061280348
2024-01-01 12:55:00,48.93558103073594,40.54070085695723,117.3611411431369
2024-01-01 12:56:00,41.16142452834471,35.67130256539474,111.12653738126409
2024-01-01 12:57:00,62.02766230230746,66.86982936476208,98.84891012622444
2024-01-01 12:58:00,48.38396796229485,60.75166145846335,107.97856993041256
2024-01-01 12:59:00,38.42281409239611,78.88280416215376,85.66656492376914
2024-01-01 13:00:00,59.60760496791197,76.3855628968592,92.36871168206372
2024-01-01 13:01:00,31.61455182870204,58.52701979985164,152.71258581300756
2024-01-01 13:02:00,42.14753925089178,71.18095679986021,118.3444720696838
2024-01-01 13:03:00,51.76724322765014,62.70320774739913,96.32672468977196
2024-01-01 13:04:00,36.17671807117648,69.47636012100963,86.7604762273664
2024-01-01 13:05:00,51.1490745145332,82.7343474864546,110.12468046248172
2024-01-01 13:06:00,52.11814071002744,73.03808473709817,78.62789759730805
2024-01-01 13:07:00,59.227073843871935,73.82694187495204,99.12167407180212
2024-01-01 13:08:00,52.475986843456425,39.75129276788182,76.27766283652922
2024-01-01 13:09:00,48.45393076394816,43.93167427307869,125.246627863104
2024-01-01 13:10:00,44.10397643421575,54.35274408592841,103.07677621697076
2024-01-01 13:11:00,55.013309494335935,46.71956826016952,129.0894536615778
2024-01-01 13:12:00,54.75703005170298,56.41495028258998,104.47619003265804
2024-01-01 13:13:00,50.91733819706912,59.42589823110156,76.80941133604793
2024-01-01 13:14:00,41.23679118910734,76.78560158078523,103.817577127863
2024-01-01 13:15:00,54.23895259276466,58.876531303267285,108.07942582570182
2024-01-01 13:16:00,61.03965073943724,54.63740699624275,77.40587030859726
2024-01-01 13:17:00,45.31453409760256,55.990780049627496,105.60810927110946
2024-01-01 13:18:00,48.427201623408,65.2723589655869,87.733094886315
2024-01-01 13:19:00,44.84095832865722,52.04657914410593,74.9187540870802
2024-01-01 13:20:00,36.722908181843295,78.45625943376416,165.96193880619828
2024-01-01 13:21:00,47.25074846789433,70.12236267005763,49.97170277796672
2024-01-01 13:22:00,53.36410347552948,81.4402598767686,45.957174225002525
2024-01-01 13:23:00,54.6789376622999,47.79460974611485,55.41715257969972
2024-01-01 13:24:00,39.32528049313888,42.81292174856223,122.11907415744238
2024-01-01 13:25:00,38.5476855087291,44.704723092197206,114.80722412209876
2024-01-01 13:26:00,36.71205002968277,55.98196914499846,114.81789378576616
2024-01-01 13:27:00,40.51859703126044,51.9637105670941,125.44948030037348
2024-01-01 13:28:00,50.047867146457484,68.51567893545143,104.01968485506146
2024-01-01 13:29:00,53.59746835506091,69.59481109960187,67.91420007784308
2024-01-01 13:30:00,48.60327405772252,86.76830376812163,96.34689277586128
2024-01-01 13:31:00,38.78736908262522,67.2587837578562,106.00570155758696
2024-01-01 13:32:00,47.624206765086285,69.05151730711383,105.7710744024712
2024-01-01 13:33:00,65.03481485442819,60.754643839625096,68.19012985972986
2024-01-01 13:34:00,40.29246883358372,81.90734526851766,61.460121983456375
2024-01-01 13:35:00,47.68280183798246,71.46158562134914,64.26427268598098
2024-01-01 13:36:00,52.098980548146,77.30307811317869,128.2620540887478
2024-01-01 13:37:00,46.356146593851314,57.62186915772668,61.7318712302838
2024-01-01 13:38:00,53.79997360543919,30.492494396405508,106.02155756754289
2024-01-01 13:39:00,53.01730830912013,51.6382965130129,123.28811966743493
2024-01-01 13:40:00,50.06223074715921,66.1463459855114,39.69625086372615
2024-01-01 13:41:00,50.63348816719323,79.86589829519497,62.95806722986526
2024-01-01 13:42:00,61.10279133800472,88.80983038489656,88.10142235446023
2024-01-01 13:43:00,49.84879259429724,51.60332193203581,68.73624332132822
2024-01-01 13:44:00,69.28237895012616,82.88748533812834,117.8864711014548
2024-01-01 13:45:00,34.81601261296517,61.62809332394009,45.52438068539496
2024-01-01 13:46:00,54.11067212684714,60.87142585419885,96.19806123149009
2024-01-01 13:47:00,44.865580819609306,55.19408804974096,88.66878158886371
2024-01-01 13:48:00,39.3593658884374,52.65961172983243,65.16166275506326
2024-01-01 13:49:00,56.37235930867515,75.77105663865368,103.30207906395302
2024-01-01 13:50:00,40.23760633293279,89.25321012714582,96.41663528410356
2024-01-01 13:51:00,52.94024594622464,52.92167913073799,110.86871046004744
2024-01-01 13:52:00,68.20860945483847,57.24054121881241,73.092121624123
2024-01-01 13:53:00,54.17471017206944,51.26908569883292,75.56650292487402
2024-01-01 13:54:00,47.6104752309174,77.63624867732761,81.0426468613534
2024-01-01 13:55:00,45.89418238174378,46.87073505347238,128.9385583006703
2024-01-01 13:56:00,60.90171597325436,48.26099737933847,122.16190681569572
2024-01-01 13:57:00,47.99398937955954,49.23702586411713,133.603597147829
2024-01-01 13:58:00,48.18371842665323,35.580906170196215,134.9962852835607
2024-01-01 13:59:00,51.41834443373936,62.45904010378713,96.34452811491384
2024-01-01 14:00:00,40.903133346478775,87.59256919459354,113.08183163152664
2024-01-01 14:01:00,30.412309187160524,45.93458951403148,137.6422382636266
2024-01-01 14:02:00,37.149509830289205,68.73750025481908,46.61333259866423
2024-01-01 14:03:00,61.37445037204312,71.77131920393627,71.24326389308659
2024-01-01 14:04:00,52.518037702926186,39.60891430380292,120.10746446790564
2024-01-01 14:05:00,35.87819982262485,62.652809847125546,124.35290031397756
2024-01-01 14:06:00,47.86825273276126,89.80538091589179,91.93286544956908
2024-01-01 14:07:00,55.03815259733983,56.60053555795478,130.34020097443187
2024-01-01 14:08:00,38.29269254102496,53.08824309696786,35.0462937396502
2024-01-01 14:09:00,65.03391900750418,52.761856141759424,102.85529568115643
2024-01-01 14:10:00,47.96862295478535,68.61955174767078,66.08033418622563
2024-01-01 14:11:00,42.089098090817686,80.5722510646577,67.5641689566965
2024-01-01 14:12:00,43.29060844539684,25.86538870474859,108.57332933667206
2024-01-01 14:13:00,62.12479828335925,75.4322224452265,107.58168762508562
2024-01-01 14:14:00,39.14553508806773,57.53633923434159,85.21662385386927
2024-01-01 14:15:00,50.39048884536823,65.81070024636954,47.056142771902486
2024-01-01 14:16:00,48.67664593917672,58.56735792841247,95.42994307819704
2024-01-01 14:17:00,54.55088853091749,65.24189484035556,145.55476689229016
2024-01-01 14:18:00,43.201745113145634,78.68675638613769,72.9648563731352
2024-01-01 14:19:00,46.612172593185605,48.626401140605545,90.13667804757574
2024-01-01 14:20:00,52.5323577447933,47.22327578697092,114.5465892967726
2024-01-01 14:21:00,34.19456047118981,37.94816736164961,122.9778830157862
2024-01-01 14:22:00,46.31832440054978,37.12543771088814,60.66536533101032
2024-01-01 14:23:00,55.89292524984784,92.39735541330973,78.23390076006672
2024-01-01 14:24:00,62.49377114782712,47.17591179137536,67.44919879987565
2024-01-01 14:25:00,61.0919308908559,71.83039107634764,134.79020586839235
2024-01-01 14:26:00,38.129153125824025,60.34402201318716,59.9570772122721
2024-01-01 14:27:00,62.92962432562425,61.90328823093492,92.3338801166272
2024-01-01 14:28:00,43.67109821256378,74.27857656970224,138.82544807718506
2024-01-01 14:29:00,42.03111646887736,52.66248430571827,124.03960262134277
2024-01-01 14:30:00,55.40746989597067,47.49379513414036,91.52357573418584
2024-01-01 14:31:00,48.89898662398376,52.073558711354266,88.40948233807765
2024-01-01 14:32:00,47.27559788948212,71.94838796783738,95.99586973871584
2024-01-01 14:33:00,55.51232896416033,53.62665204839171,114.36645728838673
2024-01-01 14:34:00,54.36954125488759,68.10095636312585,126.40533442136667
2024-01-01 14:35:00,67.65766299299511,66.81584887453246,100.40872628831497
2024-01-01 14:36:00,58.636359077256735,62.5368181427295,51.87664441298759
2024-01-01 14:37:00,47.09210950619488,60.425760856087926,87.21902026391518
2024-01-01 14:38:00,54.15537701121482,58.45080350214977,79.4345019051114
2024-01-01 14:39:00,46.659242305129816,79.96193471569063,108.0469900894097
2024-01-01 14:40:00,48.188256972501165,93.9796181195018,151.89341693670212
2024-01-01 14:41:00,39.58850989002759,42.80632588975415,85.01355351328009
2024-01-01 14:42:00,58.94674436926277,60.15285227073171,97.07754438154558
2024-01-01 14:43:00,54.90290667912264,86.03682216140055,59.31614168088019
2024-01-01 14:44:00,43.73163244161085,30.65980838677043,75.56936164890499
2024-01-01 14:45:00,44.66133974077739,66.79567125296143,130.70916475972086
2024-01-01 14:46:00,37.48959925727606,50.5759190093018,107.07460582377392
2024-01-01 14:47:00,39.662113473068246,55.55839277026505,108.6652312614898
2024-01-01 14:48:00,34.580649174336386,85.38884908345983,162.8482362774668
2024-01-01 14:49:00,37.843727278629736,77.48407707298405,96.17984609477077
2024-01-01 14:50:00,54.38545490012292,60.78708029512104,140.65519882713784
2024-01-01 14:51:00,63.97464226792479,69.97959911343418,126.88130375957608
2024-01-01 14:52:00,45.37541057191783,43.51312312556765,90.28984085791188
2024-01-01 14:53:00,55.388404540368256,61.19599641074271,90.68498556295184
2024-01-01 14:54:00,65.835655148241,59.736727658255234,88.95192298548885
2024-01-01 14:55:00,41.73968963689666,72.3712121984451,83.66357833064927
2024-01-01 14:56:00,41.2437026654999,58.98787923322684,97.59187290177752
2024-01-01 14:57:00,38.93899778603868,58.64159456418777,105.6871163796754
2024-01-01 14:58:00,45.71876587885659,43.865712402639886,101.25785082168628
2024-01-01 14:59:00,46.15707539495645,36.39994460628317,136.24996702577272
2024-01-01 15:00:00,53.89821385259191,71.6385983494167,37.76122119347868
2024-01-01 15:01:00,52.17944879665117,53.68781928326239,42.31555451879675
2024-01-01 15:02:00,48.70738149679238,74.6209833771958,107.39339198802556
2024-01-01 15:03:00,55.99713610061908,69.40749895116844,62.852819027481054
2024-01-01 15:04:00,56.24421052989695,42.44459436431773,101.32635079084278
2024-01-01 15:05:00,63.01500015620759,85.8612373972183,121.14836522587014
2024-01-01 15:06:00,59.40811487397484,88.77380534790244,81.30657224849486
2024-01-01 15:07:00,34.11472506594043,40.467716499910026,110.73183301626666
2024-01-01 15:08:00,38.85218790774705,66.14911839864136,92.70007947971516
2024-01-01 15:09:00,44.44819117653125,69.42545366657123,89.57318475613924
2024-01-01 15:10:00,53.13989816570148,42.01828341848663,94.52738132016248
2024-01-01 15:11:00,63.43984104067355,34.17634621812275,70.9325891765632
2024-01-01 15:12:00,73.40254797678412,60.49843835171522,108.6928463908478
2024-01-01 15:13:00,50.039454226722754,51.66527911217044,86.81549211320836
2024-01-01 15:14:00,39.91689242745746,39.48803698703255,76.54712029612348
2024-01-01 15:15:00,60.183939680766215,46.53066763105065,47.16615417909816
2024-01-01 15:16:00,50.78509786257624,61.2166366613312,111.7054805979016
2024-01-01 15:17:00,60.6751745819984,37.04872379501142,121.2477592387111
2024-01-01 15:18:00,57.72559836182638,82.54081786754995,102.65987960335518
2024-01-01 15:19:00,55.105026918131294,67.42453705101771,78.63004907103465
2024-01-01 15:20:00,48.01377603714487,38.46237674207919,110.72348152222278
2024-01-01 15:21:00,38.31412995124544,64.75939192286172,112.23675437168455
2024-01-01 15:22:00,67.42735382107088,64.37943852357725,118.40422179156346
2024-01-01 15:23:00,60.81261035384603,85.12265677619646,101.1581842834186
2024-01-01 15:24:00,58.8016022480756,82.19360013449854,95.30120923748436
2024-01-01 15:25:00,38.11987323051309,39.79133413061236,138.1846545652602
2024-01-01 15:26:00,34.14300267829317,54.72980790870929,99.59950190176365
2024-01-01 15:27:00,51.19570626740271,51.630135564110574,87.16816424371946
2024-01-01 15:28:00,40.54869876469287,58.338172490533296,77.66443289833686
2024-01-01 15:29:00,41.03900031134509,85.53473853414441,109.24436984044024
2024-01-01 15:30:00,33.8716978263317,59.41557013386344,84.32120764034542
2024-01-01 15:31:00,53.37288608559937,64.42486712133959,75.85216721039322
2024-01-01 15:32:00,41.169125576728746,48.65049349417026,123.54388279063043
2024-01-01 15:33:00,50.74485469222847,63.42133317208108,101.92493658639022
2024-01-01 15:34:00,47.81529618258392,37.25729830902789,66.60811766265235
2024-01-01 15:35:00,57.72294609872655,81.61448890554763,123.49227920655248
2024-01-01 15:36:00,39.30277824452244,47.78430789978719,94.75102342327436
2024-01-01 15:37:00,52.84862927849048,40.246560158375104,110.77225184069049
2024-01-01 15:38:00,61.16468343406365,81.56900878806125,129.9629749643323
2024-01-01 15:39:00,55.8016128802424,60.40114598830977,105.564593455694
2024-01-01 15:40:00,65.01942696854103,81.93317489324137,117.07440145370543
2024-01-01 15:41:00,54.3830776766573,67.49922863744672,109.98133266030491
2024-01-01 15:42:00,56.45220666936595,58.59236972988779,101.77192102900436
2024-01-01 15:43:00,40.186294939802735,40.38321904439941,72.49346925789726
2024-01-01 15:44:00,58.79323029621481,77.19850337282168,88.79762273970981
2024-01-01 15:45:00,35.57461378331017,62.77220909852283,81.4752597960522
2024-01-01 15:46:00,62.38175238830421,64.67099930083953,90.80359526450684
2024-01-01 15:47:00,51.174777398250114,67.50191852810693,85.78055930504502
2024-01-01 15:48:00,50.039012133208736,63.07412459475313,118.04391878966356
2024-01-01 15:49:00,50.19801466512207,69.58704998305788,92.47851563157074
2024-01-01 15:50:00,55.91950205779363,78.48318902324331,125.52692843208982
2024-01-01 15:51:00,53.18529928635426,81.68558404686054,84.48600347380325
2024-01-01 15:52:00,50.80369992099102,89.90151476548031,90.85538889041426
2024-01-01 15:53:00,51.32033120399733,42.32452750808015,105.3844739347608
2024-01-01 15:54:00,36.37887913724544,58.01738064318741,46.66451820374908
2024-01-01 15:55:00,51.51299644336932,52.382694985548255,114.3538722914835
2024-01-01 15:56:00,59.431020486536994,47.76549261402505,151.47738632220356
2024-01-01 15:57:00,36.518881248002565,68.4303337753844,95.62603302692784
2024-01-01 15:58:00,55.63993412341978,30.580951202676022,99.34781697217498
2024-01-01 15:59:00,45.40701987880113,71.00816208048388,79.9174239468816
2024-01-01 16:00:00,50.22451504947473,59.5743122068825,118.80650167054168
2024-01-01 16:01:00,63.50507596242094,24.65970887045689,119.50083224955378
2024-01-01 16:03:00,49.54559465714311,55.45472824198537,117.49852833709195
2024-01-01 16:04:00,43.78063095278439,66.6374059471196,123.51144732897892
2024-01-01 16:05:00,51.426834671388576,60.97091359477359,106.45515604752332
2024-01-01 16:06:00,40.37125026757775,59.24941353322883,100.17091458238517
2024-01-01 16:07:00,38.78044275665016,81.6691191872689,121.71099915397484
2024-01-01 16:08:00,30.16041234314081,82.59535642537026,73.15500327770141
2024-01-01 16:09:00,44.09659681207787,53.67605874070376,73.6828367747137
2024-01-01 16:10:00,54.27027722499655,52.208851485144976,93.9176344140723
2024-01-01 16:11:00,60.62272822180046,60.79457938665397,98.86174766629162
2024-01-01 16:12:00,46.64574894005887,49.25355021482701,127.1624851288476
2024-01-01 16:13:00,46.43419312311255,56.14502262503746,99.91968284424064
2024-01-01 16:14:00,38.59160014642397,43.34214172311631,103.50751517946168
2024-01-01 16:15:00,49.206268781301134,64.24332632502818,128.69657587492324
2024-01-01 16:16:00,46.33093296892217,55.563103151344464,101.25681920529776
2024-01-01 16:17:00,52.40030106734578,53.40338586954572,53.07231375660063
2024-01-01 16:18:00,55.155553495454704,76.09081539428522,121.47210442556752
2024-01-01 16:19:00,49.62635784218519,93.55173790843452,96.0123233940986
2024-01-01 16:20:00,30.392871730618022,72.66676300316524,90.81356814292658
2024-01-01 16:21:00,58.978287110637226,19.08123421869906,119.68631949955522
2024-01-01 16:22:00,55.6442443790754,53.37981260737043,117.83243194350248
2024-01-01 16:23:00,61.22883319252959,72.42098846168946,64.45036206886331
2024-01-01 16:24:00,35.69457128146016,69.93235149118486,103.73496655294194
2024-01-01 16:25:00,60.62219903009812,73.75946119411246,91.29008268395212
2024-01-01 16:26:00,32.07889369590885,43.99625829515567,83.25463544282579
2024-01-01 16:27:00,55.48516815600085,64.45967215584452,93.02331610943762
2024-01-01 16:28:00,43.31407446284631,54.58002300359151,78.85164127487931
2024-01-01 16:29:00,63.19462904375816,31.847763930364177,109.79180943922822
2024-01-01 16:30:00,53.18205677709327,63.29493562955489,98.10673511952064
2024-01-01 16:31:00,47.26501821894542,64.61495516319168,115.07702293128148
2024-01-01 16:32:00,49.81899060146618,49.56277522295853,107.76272918634211
2024-01-01 16:33:00,67.36442351512771,61.6269717954923,86.32744544338676
2024-01-01 16:34:00,41.08706536720391,39.28518584172015,113.8948269942101
2024-01-01 16:35:00,54.42050552670877,75.17521571233358,86.64810922435458
2024-01-01 16:36:00,55.498282962962094,39.53658768180725,104.55272311955284
2024-01-01 16:37:00,43.59476192902181,74.70276883972642,66.9959966098683
2024-01-01 16:38:00,50.06566872908938,76.46297080014976,108.97705209124048
2024-01-01 16:39:00,51.80517580916702,74.42675537653048,54.36079599929574
